policy_id,policy_number,type,start_date,end_date,premium_monthly,coverage_amount,status,policyholder_id,agent_id
POL0001,NL-2023-723266,Life,2023-06-21,2024-06-20,253.87,391000,Expired,PH0070,AG010
POL0002,NL-2024-602278,Life,2024-05-20,2025-05-20,286.82,155000,Active,PH0161,AG006
POL0003,NL-2022-703853,Health,2022-10-16,2023-10-16,169.5,154000,Expired,PH0401,AG008
POL0004,NL-2023-219420,Life,2023-02-10,2024-02-10,246.47,241000,Expired,PH0478,AG019
POL0005,NL-2024-814827,Home,2024-04-27,2025-04-27,149.7,244000,Active,PH0394,AG018
POL0006,NL-2023-971662,Auto,2023-08-04,2024-08-03,115.64,48000,Renewed,PH0355,AG003
POL0007,NL-2023-790658,Health,2023-10-20,2024-10-19,130.28,91000,Expired,PH0079,AG023
POL0008,NL-2023-710527,Health,2023-02-12,2024-02-12,199.07,151000,Expired,PH0206,AG018
POL0009,NL-2024-835716,Health,2024-01-19,2025-01-18,103.68,119000,Active,PH0459,AG018
POL0010,NL-2021-274418,Auto,2021-08-12,2022-08-12,191.79,57000,Renewed,PH0332,AG020
POL0011,NL-2024-778159,Auto,2024-02-28,2025-02-27,247.21,99000,Active,PH0205,AG025
POL0012,NL-2023-635482,Life,2023-06-01,2024-05-31,74.65,166000,Expired,PH0383,AG017
POL0013,NL-2023-717181,Home,2023-07-02,2024-07-01,90.94,506000,Expired,PH0354,AG017
POL0014,NL-2022-536181,Home,2022-12-08,2023-12-08,93.1,305000,Renewed,PH0472,AG003
POL0015,NL-2021-646428,Auto,2021-10-18,2022-10-18,138.32,37000,Expired,PH0248,AG012
POL0016,NL-2021-170437,Health,2021-07-19,2022-07-19,169.68,109000,Cancelled,PH0154,AG002
POL0017,NL-2021-938913,Auto,2021-02-16,2022-02-16,190.15,99000,Renewed,PH0085,AG024
POL0018,NL-2023-547080,Home,2023-11-23,2024-11-22,57.61,444000,Expired,PH0491,AG015
POL0019,NL-2023-553125,Home,2023-04-10,2024-04-09,60.5,495000,Renewed,PH0203,AG001
POL0020,NL-2023-325230,Home,2023-07-10,2024-07-09,82.77,519000,Cancelled,PH0106,AG009
POL0021,NL-2024-296041,Auto,2024-03-28,2025-03-28,97.3,80000,Active,PH0188,AG011
POL0022,NL-2023-653349,Home,2023-07-27,2024-07-26,113.78,407000,Expired,PH0495,AG021
POL0023,NL-2024-715519,Life,2024-05-07,2025-05-07,147.16,256000,Active,PH0059,AG012
POL0024,NL-2023-939503,Life,2023-07-27,2024-07-26,253.43,420000,Renewed,PH0153,AG020
POL0025,NL-2021-291936,Auto,2021-10-02,2022-10-02,120.56,25000,Expired,PH0192,AG023
POL0026,NL-2023-502349,Home,2023-11-13,2024-11-12,105.61,451000,Expired,PH0217,AG006
POL0027,NL-2024-281649,Health,2024-01-06,2025-01-05,169.34,194000,Active,PH0285,AG006
POL0028,NL-2022-749498,Health,2022-08-15,2023-08-15,131.46,143000,Expired,PH0028,AG012
POL0029,NL-2023-629990,Auto,2023-09-20,2024-09-19,218.59,84000,Expired,PH0335,AG016
POL0030,NL-2023-275377,Health,2023-10-05,2024-10-04,183.99,153000,Cancelled,PH0043,AG019
POL0031,NL-2022-402692,Auto,2022-03-28,2023-03-28,126.72,80000,Expired,PH0087,AG025
POL0032,NL-2024-676429,Health,2024-03-04,2025-03-04,174.25,155000,Active,PH0262,AG004
POL0033,NL-2022-668373,Auto,2022-07-03,2023-07-03,219.96,58000,Renewed,PH0422,AG025
POL0034,NL-2023-871740,Auto,2023-06-23,2024-06-22,248.26,23000,Cancelled,PH0425,AG021
POL0035,NL-2022-465509,Home,2022-09-02,2023-09-02,43.55,288000,Renewed,PH0442,AG003
POL0036,NL-2021-822608,Health,2021-08-29,2022-08-29,123.69,179000,Renewed,PH0180,AG023
POL0037,NL-2021-944565,Health,2021-12-06,2022-12-06,178.48,79000,Renewed,PH0031,AG019
POL0038,NL-2023-838253,Life,2023-12-27,2024-12-26,184.69,220000,Expired,PH0150,AG010
POL0039,NL-2023-242175,Life,2023-11-20,2024-11-19,219.82,100000,Renewed,PH0493,AG025
POL0040,NL-2021-835499,Health,2021-05-02,2022-05-02,186.7,58000,Renewed,PH0444,AG005
POL0041,NL-2021-984532,Home,2021-10-27,2022-10-27,131.13,549000,Renewed,PH0347,AG013
POL0042,NL-2021-493396,Health,2021-10-19,2022-10-19,126.87,134000,Cancelled,PH0232,AG003
POL0043,NL-2023-576782,Auto,2023-04-06,2024-04-05,127.3,58000,Cancelled,PH0487,AG016
POL0044,NL-2024-988319,Life,2024-04-06,2025-04-06,50.62,456000,Active,PH0376,AG003
POL0045,NL-2023-328411,Health,2023-01-04,2024-01-04,179.57,129000,Renewed,PH0496,AG014
POL0046,NL-2023-673896,Home,2023-10-11,2024-10-10,131.12,327000,Expired,PH0296,AG005
POL0047,NL-2022-204411,Health,2022-12-05,2023-12-05,176.23,37000,Renewed,PH0321,AG015
POL0048,NL-2021-100708,Auto,2021-09-12,2022-09-12,106.86,70000,Renewed,PH0491,AG014
POL0049,NL-2021-197874,Home,2021-09-28,2022-09-28,73.21,294000,Renewed,PH0336,AG012
POL0050,NL-2021-154302,Life,2021-06-18,2022-06-18,275.95,137000,Expired,PH0203,AG021
POL0051,NL-2022-101139,Life,2022-04-25,2023-04-25,72.8,100000,Cancelled,PH0110,AG016
POL0052,NL-2021-109738,Auto,2021-09-29,2022-09-29,168.31,68000,Cancelled,PH0005,AG023
POL0053,NL-2021-600905,Life,2021-09-04,2022-09-04,155.58,119000,Renewed,PH0037,AG008
POL0054,NL-2021-485416,Health,2021-07-02,2022-07-02,110.24,107000,Renewed,PH0452,AG010
POL0055,NL-2023-772741,Home,2023-02-23,2024-02-23,122.85,220000,Renewed,PH0347,AG005
POL0056,NL-2023-561477,Auto,2023-12-23,2024-12-22,183.75,32000,Cancelled,PH0180,AG024
POL0057,NL-2021-327797,Home,2021-11-07,2022-11-07,107.77,382000,Renewed,PH0045,AG004
POL0058,NL-2021-429780,Home,2021-09-10,2022-09-10,82.24,375000,Cancelled,PH0406,AG005
POL0059,NL-2022-729153,Home,2022-07-22,2023-07-22,67.3,465000,Renewed,PH0370,AG020
POL0060,NL-2021-315425,Life,2021-02-24,2022-02-24,214.6,208000,Renewed,PH0266,AG020
POL0061,NL-2023-350967,Home,2023-03-14,2024-03-13,46.0,566000,Expired,PH0254,AG013
POL0062,NL-2022-112653,Auto,2022-05-09,2023-05-09,180.97,79000,Cancelled,PH0185,AG011
POL0063,NL-2023-672896,Home,2023-03-04,2024-03-03,102.52,342000,Renewed,PH0350,AG006
POL0064,NL-2021-326222,Health,2021-05-30,2022-05-30,106.75,94000,Expired,PH0021,AG002
POL0065,NL-2023-544150,Health,2023-11-04,2024-11-03,171.26,134000,Expired,PH0360,AG013
POL0066,NL-2024-390946,Auto,2024-01-04,2025-01-03,171.4,30000,Active,PH0043,AG010
POL0067,NL-2023-662445,Auto,2023-11-14,2024-11-13,245.63,30000,Renewed,PH0168,AG013
POL0068,NL-2022-160718,Auto,2022-09-28,2023-09-28,204.09,41000,Renewed,PH0126,AG003
POL0069,NL-2021-798435,Health,2021-08-26,2022-08-26,160.88,106000,Cancelled,PH0380,AG022
POL0070,NL-2021-271790,Home,2021-09-02,2022-09-02,55.09,156000,Expired,PH0255,AG012
POL0071,NL-2021-868538,Life,2021-12-08,2022-12-08,237.44,191000,Expired,PH0454,AG004
POL0072,NL-2022-375722,Auto,2022-11-18,2023-11-18,126.24,18000,Renewed,PH0365,AG019
POL0073,NL-2023-694423,Auto,2023-10-14,2024-10-13,141.22,75000,Cancelled,PH0086,AG012
POL0074,NL-2022-857888,Home,2022-06-07,2023-06-07,138.37,503000,Renewed,PH0060,AG008
POL0075,NL-2021-594681,Auto,2021-04-01,2022-04-01,82.09,16000,Renewed,PH0187,AG013
POL0076,NL-2022-942127,Home,2022-01-02,2023-01-02,134.32,440000,Renewed,PH0468,AG023
POL0077,NL-2022-384434,Health,2022-04-05,2023-04-05,141.63,109000,Expired,PH0423,AG003
POL0078,NL-2021-334026,Life,2021-09-02,2022-09-02,275.49,144000,Cancelled,PH0412,AG017
POL0079,NL-2023-911102,Auto,2023-04-02,2024-04-01,159.07,47000,Expired,PH0433,AG010
POL0080,NL-2021-405759,Life,2021-06-26,2022-06-26,51.99,155000,Cancelled,PH0289,AG010
POL0081,NL-2023-913575,Home,2023-08-09,2024-08-08,146.9,555000,Expired,PH0101,AG024
POL0082,NL-2021-667851,Home,2021-11-05,2022-11-05,85.1,272000,Expired,PH0178,AG021
POL0083,NL-2022-208998,Auto,2022-11-18,2023-11-18,191.74,50000,Expired,PH0106,AG017
POL0084,NL-2023-846221,Home,2023-05-10,2024-05-09,46.59,225000,Cancelled,PH0144,AG003
POL0085,NL-2022-580728,Auto,2022-04-20,2023-04-20,168.36,59000,Renewed,PH0499,AG024
POL0086,NL-2024-768169,Auto,2024-04-04,2025-04-04,96.25,27000,Active,PH0420,AG013
POL0087,NL-2024-794622,Auto,2024-04-27,2025-04-27,176.53,67000,Active,PH0494,AG005
POL0088,NL-2022-512040,Home,2022-08-21,2023-08-21,74.65,570000,Expired,PH0359,AG024
POL0089,NL-2022-242723,Life,2022-10-14,2023-10-14,108.4,156000,Cancelled,PH0400,AG025
POL0090,NL-2021-526259,Auto,2021-11-15,2022-11-15,156.43,51000,Expired,PH0062,AG018
POL0091,NL-2022-225738,Life,2022-03-02,2023-03-02,165.84,497000,Cancelled,PH0047,AG006
POL0092,NL-2024-998182,Life,2024-05-20,2025-05-20,60.08,488000,Active,PH0168,AG005
POL0093,NL-2022-810078,Auto,2022-05-24,2023-05-24,147.36,16000,Renewed,PH0154,AG009
POL0094,NL-2021-884417,Home,2021-03-05,2022-03-05,134.01,441000,Renewed,PH0282,AG008
POL0095,NL-2023-112537,Auto,2023-08-05,2024-08-04,214.95,26000,Expired,PH0032,AG025
POL0096,NL-2021-760914,Home,2021-09-25,2022-09-25,84.06,510000,Expired,PH0481,AG021
POL0097,NL-2024-122859,Auto,2024-04-07,2025-04-07,179.64,20000,Active,PH0034,AG007
POL0098,NL-2021-228479,Health,2021-09-21,2022-09-21,184.73,112000,Expired,PH0022,AG015
POL0099,NL-2021-620226,Auto,2021-12-11,2022-12-11,153.64,62000,Renewed,PH0016,AG013
POL0100,NL-2021-393448,Health,2021-12-20,2022-12-20,190.83,97000,Expired,PH0229,AG005
POL0101,NL-2024-778720,Auto,2024-06-11,2025-06-11,185.26,42000,Active,PH0152,AG016
POL0102,NL-2024-393366,Health,2024-02-02,2025-02-01,147.9,48000,Active,PH0197,AG005
POL0103,NL-2022-761393,Health,2022-02-13,2023-02-13,179.72,90000,Renewed,PH0411,AG018
POL0104,NL-2023-919394,Auto,2023-02-23,2024-02-23,141.05,81000,Renewed,PH0249,AG012
POL0105,NL-2023-329659,Life,2023-03-07,2024-03-06,56.52,363000,Expired,PH0016,AG025
POL0106,NL-2021-904092,Life,2021-04-30,2022-04-30,167.92,237000,Renewed,PH0300,AG008
POL0107,NL-2021-955937,Home,2021-07-25,2022-07-25,66.53,430000,Expired,PH0406,AG024
POL0108,NL-2022-472039,Auto,2022-03-26,2023-03-26,247.05,61000,Cancelled,PH0479,AG006
POL0109,NL-2022-476211,Home,2022-04-30,2023-04-30,128.68,516000,Cancelled,PH0468,AG019
POL0110,NL-2022-297377,Auto,2022-12-22,2023-12-22,175.81,84000,Renewed,PH0429,AG016
POL0111,NL-2021-730889,Life,2021-12-26,2022-12-26,72.56,172000,Cancelled,PH0113,AG001
POL0112,NL-2021-457311,Health,2021-01-02,2022-01-02,161.41,59000,Expired,PH0368,AG006
POL0113,NL-2021-911982,Life,2021-05-02,2022-05-02,196.65,124000,Expired,PH0057,AG017
POL0114,NL-2021-714483,Life,2021-05-29,2022-05-29,285.48,257000,Expired,PH0052,AG011
POL0115,NL-2022-930307,Life,2022-10-23,2023-10-23,89.38,279000,Expired,PH0328,AG016
POL0116,NL-2021-925220,Life,2021-12-23,2022-12-23,190.49,372000,Renewed,PH0183,AG008
POL0117,NL-2023-286340,Home,2023-02-14,2024-02-14,115.73,217000,Expired,PH0374,AG001
POL0118,NL-2024-433674,Health,2024-03-08,2025-03-08,103.24,183000,Active,PH0472,AG020
POL0119,NL-2024-247475,Home,2024-03-04,2025-03-04,51.45,410000,Active,PH0170,AG024
POL0120,NL-2022-193035,Auto,2022-05-03,2023-05-03,134.32,93000,Expired,PH0421,AG023
POL0121,NL-2023-171087,Life,2023-07-04,2024-07-03,102.42,413000,Expired,PH0180,AG009
POL0122,NL-2021-274418,Auto,2021-01-03,2022-01-03,154.5,65000,Expired,PH0453,AG014
POL0123,NL-2023-927043,Health,2023-02-15,2024-02-15,137.53,151000,Expired,PH0443,AG019
POL0124,NL-2021-409234,Home,2021-11-30,2022-11-30,127.91,168000,Cancelled,PH0011,AG011
POL0125,NL-2021-268720,Life,2021-08-03,2022-08-03,92.53,247000,Expired,PH0375,AG003
POL0126,NL-2022-838726,Auto,2022-11-24,2023-11-24,184.32,73000,Cancelled,PH0016,AG014
POL0127,NL-2024-156157,Home,2024-05-28,2025-05-28,137.87,232000,Active,PH0052,AG011
POL0128,NL-2022-666362,Home,2022-01-25,2023-01-25,100.95,533000,Cancelled,PH0136,AG022
POL0129,NL-2022-676363,Life,2022-09-02,2023-09-02,62.41,350000,Expired,PH0431,AG016
POL0130,NL-2021-963918,Home,2021-04-22,2022-04-22,87.04,304000,Expired,PH0339,AG021
POL0131,NL-2022-405986,Health,2022-02-13,2023-02-13,120.7,192000,Expired,PH0042,AG016
POL0132,NL-2022-377877,Auto,2022-09-24,2023-09-24,160.06,97000,Renewed,PH0047,AG021
POL0133,NL-2022-567429,Health,2022-01-14,2023-01-14,138.14,74000,Expired,PH0023,AG009
POL0134,NL-2023-164633,Health,2023-08-11,2024-08-10,183.71,173000,Expired,PH0078,AG025
POL0135,NL-2021-893202,Auto,2021-06-25,2022-06-25,217.39,64000,Renewed,PH0302,AG008
POL0136,NL-2023-820442,Auto,2023-03-04,2024-03-03,151.17,80000,Renewed,PH0444,AG016
POL0137,NL-2023-849003,Home,2023-09-03,2024-09-02,83.43,598000,Expired,PH0018,AG017
POL0138,NL-2021-322182,Home,2021-09-04,2022-09-04,89.39,238000,Renewed,PH0414,AG007
POL0139,NL-2021-311727,Home,2021-03-29,2022-03-29,148.71,378000,Cancelled,PH0422,AG021
POL0140,NL-2024-946561,Home,2024-05-03,2025-05-03,68.37,531000,Active,PH0035,AG003
POL0141,NL-2024-998235,Health,2024-02-14,2025-02-13,139.74,110000,Active,PH0142,AG017
POL0142,NL-2021-919656,Health,2021-01-26,2022-01-26,162.31,162000,Renewed,PH0215,AG004
POL0143,NL-2021-210766,Health,2021-11-03,2022-11-03,158.79,51000,Expired,PH0289,AG025
POL0144,NL-2022-376967,Auto,2022-08-09,2023-08-09,229.62,64000,Renewed,PH0197,AG021
POL0145,NL-2024-280564,Health,2024-03-17,2025-03-17,160.9,35000,Active,PH0142,AG013
POL0146,NL-2024-521233,Home,2024-06-20,2025-06-20,106.95,514000,Active,PH0020,AG013
POL0147,NL-2022-490532,Life,2022-05-02,2023-05-02,168.8,191000,Expired,PH0011,AG011
POL0148,NL-2022-818119,Life,2022-09-29,2023-09-29,172.9,415000,Expired,PH0051,AG008
POL0149,NL-2022-436454,Home,2022-09-08,2023-09-08,88.74,583000,Renewed,PH0138,AG024
POL0150,NL-2024-563173,Health,2024-05-23,2025-05-23,164.56,74000,Active,PH0109,AG014
POL0151,NL-2023-929937,Health,2023-11-24,2024-11-23,182.1,160000,Renewed,PH0082,AG003
POL0152,NL-2023-696296,Life,2023-11-04,2024-11-03,245.13,325000,Cancelled,PH0015,AG006
POL0153,NL-2022-153015,Home,2022-02-16,2023-02-16,67.44,389000,Renewed,PH0471,AG012
POL0154,NL-2022-766275,Home,2022-07-16,2023-07-16,91.06,358000,Expired,PH0473,AG004
POL0155,NL-2022-597635,Auto,2022-05-11,2023-05-11,180.99,33000,Expired,PH0301,AG018
POL0156,NL-2022-971230,Life,2022-12-07,2023-12-07,273.62,443000,Expired,PH0353,AG003
POL0157,NL-2021-917711,Life,2021-02-26,2022-02-26,90.73,350000,Expired,PH0495,AG007
POL0158,NL-2022-638214,Home,2022-04-07,2023-04-07,69.6,365000,Renewed,PH0011,AG025
POL0159,NL-2023-939767,Auto,2023-08-29,2024-08-28,190.05,89000,Renewed,PH0005,AG008
POL0160,NL-2024-847362,Life,2024-05-30,2025-05-30,251.27,210000,Active,PH0496,AG023
POL0161,NL-2023-364239,Life,2023-05-18,2024-05-17,262.9,291000,Renewed,PH0112,AG015
POL0162,NL-2023-107704,Life,2023-12-03,2024-12-02,149.29,104000,Renewed,PH0262,AG022
POL0163,NL-2024-396408,Life,2024-02-24,2025-02-23,211.84,369000,Active,PH0153,AG022
POL0164,NL-2023-440930,Auto,2023-09-14,2024-09-13,248.02,94000,Expired,PH0442,AG009
POL0165,NL-2022-159532,Life,2022-09-04,2023-09-04,179.32,176000,Expired,PH0413,AG020
POL0166,NL-2022-621533,Health,2022-10-17,2023-10-17,172.13,197000,Renewed,PH0152,AG009
POL0167,NL-2023-955653,Health,2023-04-09,2024-04-08,103.53,175000,Expired,PH0098,AG011
POL0168,NL-2023-475911,Home,2023-12-31,2024-12-30,92.33,502000,Renewed,PH0260,AG010
POL0169,NL-2024-593649,Home,2024-02-18,2025-02-17,59.92,201000,Active,PH0066,AG024
POL0170,NL-2024-812730,Life,2024-02-19,2025-02-18,240.73,146000,Active,PH0461,AG011
POL0171,NL-2022-540897,Auto,2022-04-01,2023-04-01,206.52,50000,Expired,PH0404,AG011
POL0172,NL-2022-593393,Life,2022-06-18,2023-06-18,165.94,112000,Cancelled,PH0028,AG021
POL0173,NL-2023-500209,Auto,2023-08-26,2024-08-25,165.08,99000,Renewed,PH0272,AG010
POL0174,NL-2021-459315,Health,2021-04-21,2022-04-21,115.08,78000,Renewed,PH0210,AG019
POL0175,NL-2021-611265,Health,2021-10-21,2022-10-21,171.57,46000,Expired,PH0171,AG021
POL0176,NL-2022-319553,Home,2022-10-04,2023-10-04,40.52,293000,Renewed,PH0390,AG025
POL0177,NL-2024-923353,Home,2024-03-26,2025-03-26,124.09,407000,Active,PH0391,AG025
POL0178,NL-2021-549865,Auto,2021-09-23,2022-09-23,187.69,63000,Renewed,PH0495,AG016
POL0179,NL-2021-114760,Health,2021-01-10,2022-01-10,119.94,123000,Expired,PH0457,AG011
POL0180,NL-2021-337256,Home,2021-02-06,2022-02-06,108.94,280000,Renewed,PH0356,AG012
POL0181,NL-2021-275133,Life,2021-09-22,2022-09-22,175.83,210000,Expired,PH0034,AG002
POL0182,NL-2022-454245,Life,2022-08-19,2023-08-19,180.07,325000,Cancelled,PH0223,AG022
POL0183,NL-2022-297579,Home,2022-12-03,2023-12-03,93.92,543000,Renewed,PH0085,AG013
POL0184,NL-2022-869735,Auto,2022-04-13,2023-04-13,247.43,38000,Expired,PH0012,AG019
POL0185,NL-2021-493417,Home,2021-09-10,2022-09-10,111.56,170000,Expired,PH0449,AG021
POL0186,NL-2024-794125,Life,2024-01-01,2024-12-31,198.48,75000,Renewed,PH0056,AG021
POL0187,NL-2021-229598,Auto,2021-04-09,2022-04-09,150.85,60000,Renewed,PH0281,AG009
POL0188,NL-2021-415743,Health,2021-11-10,2022-11-10,168.57,27000,Expired,PH0216,AG022
POL0189,NL-2023-539170,Auto,2023-12-02,2024-12-01,182.96,28000,Expired,PH0426,AG004
POL0190,NL-2022-738584,Auto,2022-08-02,2023-08-02,98.06,36000,Expired,PH0103,AG025
POL0191,NL-2023-409698,Life,2023-12-08,2024-12-07,139.48,265000,Renewed,PH0083,AG002
POL0192,NL-2022-102871,Health,2022-03-02,2023-03-02,148.07,86000,Renewed,PH0007,AG022
POL0193,NL-2021-194458,Auto,2021-08-15,2022-08-15,193.73,30000,Renewed,PH0400,AG017
POL0194,NL-2021-410401,Auto,2021-07-27,2022-07-27,189.54,70000,Renewed,PH0136,AG015
POL0195,NL-2021-477712,Auto,2021-07-24,2022-07-24,228.6,48000,Renewed,PH0411,AG022
POL0196,NL-2023-148118,Life,2023-05-23,2024-05-22,73.75,448000,Renewed,PH0005,AG005
POL0197,NL-2022-381342,Home,2022-11-05,2023-11-05,88.15,476000,Expired,PH0450,AG024
POL0198,NL-2023-519692,Auto,2023-02-03,2024-02-03,111.09,63000,Renewed,PH0493,AG015
POL0199,NL-2023-780364,Life,2023-03-01,2024-02-29,169.56,271000,Renewed,PH0454,AG006
POL0200,NL-2021-208751,Auto,2021-09-29,2022-09-29,89.97,31000,Renewed,PH0214,AG019
POL0201,NL-2024-741018,Health,2024-03-11,2025-03-11,167.84,73000,Active,PH0195,AG025
POL0202,NL-2024-979269,Life,2024-06-06,2025-06-06,57.2,409000,Active,PH0373,AG005
POL0203,NL-2023-166412,Health,2023-09-27,2024-09-26,141.13,37000,Expired,PH0134,AG021
POL0204,NL-2021-879746,Life,2021-01-26,2022-01-26,219.48,452000,Renewed,PH0296,AG024
POL0205,NL-2022-199868,Home,2022-11-24,2023-11-24,115.71,474000,Cancelled,PH0222,AG022
POL0206,NL-2023-255875,Home,2023-09-14,2024-09-13,114.39,352000,Expired,PH0430,AG018
POL0207,NL-2021-993251,Auto,2021-01-24,2022-01-24,106.68,72000,Renewed,PH0254,AG006
POL0208,NL-2023-152796,Auto,2023-10-04,2024-10-03,136.25,46000,Expired,PH0260,AG008
POL0209,NL-2023-940183,Health,2023-04-06,2024-04-05,107.88,141000,Renewed,PH0294,AG015
POL0210,NL-2023-881439,Auto,2023-10-18,2024-10-17,100.18,75000,Cancelled,PH0335,AG001
POL0211,NL-2023-966028,Auto,2023-04-07,2024-04-06,174.71,10000,Cancelled,PH0047,AG020
POL0212,NL-2023-457411,Life,2023-11-08,2024-11-07,213.65,289000,Cancelled,PH0187,AG002
POL0213,NL-2023-596116,Home,2023-07-20,2024-07-19,124.42,465000,Expired,PH0367,AG022
POL0214,NL-2023-102303,Life,2023-07-16,2024-07-15,239.83,166000,Expired,PH0175,AG012
POL0215,NL-2024-211486,Life,2024-01-27,2025-01-26,180.5,418000,Active,PH0024,AG006
POL0216,NL-2021-212157,Health,2021-10-15,2022-10-15,174.25,132000,Renewed,PH0131,AG020
POL0217,NL-2022-579247,Home,2022-01-20,2023-01-20,133.74,263000,Expired,PH0423,AG007
POL0218,NL-2021-978146,Life,2021-08-09,2022-08-09,61.63,382000,Renewed,PH0345,AG019
POL0219,NL-2023-241176,Auto,2023-07-12,2024-07-11,180.18,76000,Cancelled,PH0494,AG016
POL0220,NL-2023-979562,Auto,2023-12-23,2024-12-22,174.05,67000,Renewed,PH0300,AG016
POL0221,NL-2024-234618,Home,2024-03-30,2025-03-30,59.1,577000,Active,PH0054,AG013
POL0222,NL-2023-826155,Life,2023-10-30,2024-10-29,154.67,369000,Renewed,PH0391,AG008
POL0223,NL-2023-943890,Life,2023-03-26,2024-03-25,292.62,287000,Renewed,PH0069,AG005
POL0224,NL-2024-413433,Health,2024-05-18,2025-05-18,170.0,159000,Active,PH0432,AG023
POL0225,NL-2024-319899,Life,2024-02-08,2025-02-07,208.15,155000,Active,PH0320,AG023
POL0226,NL-2022-781664,Life,2022-12-09,2023-12-09,83.17,422000,Renewed,PH0500,AG006
POL0227,NL-2021-698357,Life,2021-08-25,2022-08-25,190.57,356000,Renewed,PH0483,AG022
POL0228,NL-2023-648122,Health,2023-12-30,2024-12-29,184.73,28000,Expired,PH0055,AG001
POL0229,NL-2021-886626,Health,2021-10-25,2022-10-25,105.66,95000,Expired,PH0403,AG006
POL0230,NL-2022-409477,Life,2022-05-29,2023-05-29,65.51,461000,Expired,PH0105,AG025
POL0231,NL-2023-875414,Auto,2023-01-05,2024-01-05,97.42,99000,Renewed,PH0288,AG008
POL0232,NL-2022-826596,Health,2022-05-02,2023-05-02,179.68,100000,Cancelled,PH0341,AG002
POL0233,NL-2023-678944,Health,2023-03-05,2024-03-04,178.81,107000,Cancelled,PH0028,AG001
POL0234,NL-2022-970300,Life,2022-02-20,2023-02-20,245.23,282000,Renewed,PH0116,AG021
POL0235,NL-2024-306012,Life,2024-04-20,2025-04-20,186.65,366000,Active,PH0398,AG024
POL0236,NL-2022-296059,Home,2022-08-26,2023-08-26,148.18,189000,Cancelled,PH0493,AG006
POL0237,NL-2023-236384,Auto,2023-02-12,2024-02-12,127.45,45000,Expired,PH0083,AG019
POL0238,NL-2021-141880,Life,2021-01-12,2022-01-12,227.42,131000,Expired,PH0079,AG011
POL0239,NL-2024-614379,Auto,2024-06-14,2025-06-14,223.33,49000,Active,PH0405,AG019
POL0240,NL-2021-292800,Life,2021-05-30,2022-05-30,129.46,165000,Renewed,PH0267,AG003
POL0241,NL-2023-331942,Home,2023-05-02,2024-05-01,84.38,333000,Cancelled,PH0453,AG007
POL0242,NL-2022-748314,Life,2022-11-10,2023-11-10,104.61,445000,Expired,PH0272,AG016
POL0243,NL-2021-743512,Auto,2021-08-23,2022-08-23,155.76,94000,Renewed,PH0471,AG020
POL0244,NL-2021-218881,Home,2021-03-23,2022-03-23,75.3,567000,Renewed,PH0198,AG009
POL0245,NL-2021-639292,Life,2021-02-20,2022-02-20,255.53,247000,Renewed,PH0412,AG017
POL0246,NL-2023-435872,Health,2023-09-24,2024-09-23,189.83,75000,Expired,PH0264,AG003
POL0247,NL-2021-107686,Auto,2021-12-09,2022-12-09,211.46,80000,Renewed,PH0321,AG003
POL0248,NL-2022-315565,Home,2022-03-13,2023-03-13,86.66,204000,Renewed,PH0276,AG023
POL0249,NL-2021-851690,Health,2021-05-28,2022-05-28,115.38,145000,Renewed,PH0170,AG002
POL0250,NL-2021-173863,Auto,2021-05-31,2022-05-31,215.02,83000,Expired,PH0295,AG008
POL0251,NL-2023-431773,Life,2023-04-15,2024-04-14,207.55,277000,Expired,PH0009,AG013
POL0252,NL-2024-892682,Auto,2024-01-01,2024-12-31,202.45,18000,Expired,PH0382,AG019
POL0253,NL-2021-925115,Auto,2021-05-29,2022-05-29,165.48,48000,Expired,PH0352,AG010
POL0254,NL-2022-962057,Auto,2022-07-31,2023-07-31,154.4,62000,Renewed,PH0339,AG001
POL0255,NL-2021-935474,Health,2021-11-17,2022-11-17,113.64,127000,Cancelled,PH0409,AG018
POL0256,NL-2021-864752,Life,2021-10-23,2022-10-23,271.74,467000,Expired,PH0332,AG012
POL0257,NL-2024-229221,Auto,2024-02-08,2025-02-07,228.71,29000,Active,PH0022,AG001
POL0258,NL-2024-419491,Health,2024-01-06,2025-01-05,154.75,47000,Active,PH0108,AG024
POL0259,NL-2022-249375,Life,2022-03-10,2023-03-10,211.48,319000,Cancelled,PH0083,AG006
POL0260,NL-2024-220190,Home,2024-06-17,2025-06-17,131.82,252000,Active,PH0093,AG022
POL0261,NL-2024-176697,Auto,2024-01-30,2025-01-29,158.42,82000,Active,PH0149,AG022
POL0262,NL-2022-446922,Auto,2022-05-29,2023-05-29,203.35,74000,Expired,PH0183,AG005
POL0263,NL-2021-433222,Home,2021-07-24,2022-07-24,47.68,251000,Expired,PH0249,AG015
POL0264,NL-2024-712546,Life,2024-06-16,2025-06-16,214.86,414000,Active,PH0079,AG019
POL0265,NL-2022-358133,Life,2022-10-10,2023-10-10,92.16,214000,Renewed,PH0403,AG008
POL0266,NL-2022-603268,Health,2022-07-21,2023-07-21,113.43,112000,Renewed,PH0237,AG015
POL0267,NL-2022-736095,Life,2022-09-18,2023-09-18,77.21,388000,Cancelled,PH0042,AG009
POL0268,NL-2024-757057,Home,2024-01-09,2025-01-08,61.61,535000,Active,PH0040,AG024
POL0269,NL-2021-707021,Auto,2021-02-08,2022-02-08,187.38,86000,Renewed,PH0208,AG025
POL0270,NL-2021-595036,Home,2021-03-17,2022-03-17,99.78,433000,Cancelled,PH0335,AG025
POL0271,NL-2023-868844,Home,2023-01-20,2024-01-20,138.06,459000,Expired,PH0439,AG010
POL0272,NL-2023-626560,Home,2023-08-10,2024-08-09,49.96,341000,Cancelled,PH0006,AG022
POL0273,NL-2024-639111,Home,2024-06-11,2025-06-11,115.26,547000,Active,PH0072,AG015
POL0274,NL-2022-871667,Home,2022-01-02,2023-01-02,102.24,227000,Cancelled,PH0375,AG016
POL0275,NL-2021-377198,Life,2021-03-24,2022-03-24,171.91,83000,Expired,PH0190,AG008
POL0276,NL-2022-592489,Auto,2022-02-28,2023-02-28,214.55,61000,Cancelled,PH0470,AG015
POL0277,NL-2021-764343,Auto,2021-03-23,2022-03-23,135.09,78000,Renewed,PH0425,AG009
POL0278,NL-2024-494956,Life,2024-03-31,2025-03-31,186.09,141000,Active,PH0335,AG013
POL0279,NL-2024-181618,Life,2024-04-18,2025-04-18,213.33,488000,Active,PH0265,AG009
POL0280,NL-2022-610511,Health,2022-04-02,2023-04-02,135.29,115000,Cancelled,PH0406,AG016
POL0281,NL-2023-180832,Auto,2023-10-25,2024-10-24,154.78,40000,Renewed,PH0264,AG021
POL0282,NL-2022-852146,Life,2022-03-10,2023-03-10,89.34,366000,Expired,PH0419,AG004
POL0283,NL-2023-808029,Home,2023-04-30,2024-04-29,119.23,402000,Renewed,PH0246,AG016
POL0284,NL-2024-530859,Home,2024-04-24,2025-04-24,57.74,587000,Active,PH0012,AG008
POL0285,NL-2021-637544,Auto,2021-09-19,2022-09-19,107.39,93000,Cancelled,PH0021,AG019
POL0286,NL-2021-525151,Home,2021-04-25,2022-04-25,141.47,421000,Expired,PH0307,AG019
POL0287,NL-2022-594312,Auto,2022-08-04,2023-08-04,116.82,89000,Renewed,PH0445,AG016
POL0288,NL-2022-710948,Home,2022-03-26,2023-03-26,106.09,567000,Renewed,PH0421,AG025
POL0289,NL-2024-275868,Home,2024-06-30,2025-06-30,112.56,289000,Active,PH0371,AG022
POL0290,NL-2023-504186,Life,2023-07-18,2024-07-17,67.21,248000,Cancelled,PH0068,AG004
POL0291,NL-2022-540186,Auto,2022-02-19,2023-02-19,234.59,100000,Cancelled,PH0424,AG005
POL0292,NL-2021-921945,Auto,2021-12-30,2022-12-30,184.51,15000,Cancelled,PH0273,AG017
POL0293,NL-2021-665482,Auto,2021-07-10,2022-07-10,102.16,89000,Cancelled,PH0424,AG001
POL0294,NL-2023-549793,Health,2023-12-06,2024-12-05,187.48,164000,Cancelled,PH0118,AG016
POL0295,NL-2022-202463,Health,2022-12-19,2023-12-19,174.14,176000,Cancelled,PH0218,AG005
POL0296,NL-2023-397026,Life,2023-09-05,2024-09-04,277.52,94000,Renewed,PH0307,AG018
POL0297,NL-2022-706063,Health,2022-06-12,2023-06-12,170.91,27000,Expired,PH0268,AG004
POL0298,NL-2023-528705,Auto,2023-02-08,2024-02-08,196.92,51000,Renewed,PH0186,AG004
POL0299,NL-2023-662146,Home,2023-05-23,2024-05-22,67.9,598000,Renewed,PH0217,AG019
POL0300,NL-2024-516760,Life,2024-06-07,2025-06-07,118.89,407000,Active,PH0387,AG007
POL0301,NL-2024-287401,Health,2024-02-05,2025-02-04,178.38,151000,Active,PH0190,AG018
POL0302,NL-2022-871523,Health,2022-06-04,2023-06-04,157.77,129000,Renewed,PH0071,AG022
POL0303,NL-2022-205149,Auto,2022-04-16,2023-04-16,198.88,31000,Cancelled,PH0110,AG017
POL0304,NL-2022-268546,Health,2022-11-25,2023-11-25,161.4,39000,Renewed,PH0200,AG021
POL0305,NL-2021-556526,Auto,2021-07-06,2022-07-06,160.18,89000,Renewed,PH0046,AG003
POL0306,NL-2022-502995,Life,2022-03-31,2023-03-31,202.26,430000,Expired,PH0477,AG013
POL0307,NL-2024-960072,Life,2024-05-08,2025-05-08,64.37,456000,Active,PH0090,AG021
POL0308,NL-2023-399899,Health,2023-06-19,2024-06-18,185.06,161000,Expired,PH0100,AG002
POL0309,NL-2024-477214,Home,2024-06-13,2025-06-13,58.64,169000,Active,PH0123,AG021
POL0310,NL-2021-470281,Auto,2021-11-19,2022-11-19,126.91,62000,Expired,PH0343,AG013
POL0311,NL-2024-872722,Health,2024-04-15,2025-04-15,120.03,29000,Active,PH0361,AG003
POL0312,NL-2024-711248,Auto,2024-01-31,2025-01-30,128.36,83000,Active,PH0179,AG012
POL0313,NL-2022-702833,Life,2022-04-09,2023-04-09,98.63,262000,Renewed,PH0003,AG009
POL0314,NL-2023-408545,Home,2023-04-14,2024-04-13,101.45,414000,Cancelled,PH0175,AG004
POL0315,NL-2024-362292,Life,2024-01-07,2025-01-06,253.29,351000,Active,PH0356,AG015
POL0316,NL-2024-894268,Health,2024-02-28,2025-02-27,148.36,89000,Active,PH0174,AG025
POL0317,NL-2023-221916,Health,2023-08-02,2024-08-01,186.2,151000,Renewed,PH0133,AG003
POL0318,NL-2022-532459,Health,2022-03-28,2023-03-28,122.99,108000,Renewed,PH0490,AG012
POL0319,NL-2022-885161,Auto,2022-06-24,2023-06-24,95.81,98000,Expired,PH0421,AG011
POL0320,NL-2024-429119,Auto,2024-02-10,2025-02-09,238.34,72000,Active,PH0182,AG007
POL0321,NL-2022-623238,Life,2022-01-10,2023-01-10,220.78,150000,Renewed,PH0378,AG007
POL0322,NL-2022-975498,Home,2022-05-11,2023-05-11,62.75,256000,Renewed,PH0128,AG020
POL0323,NL-2021-808640,Life,2021-11-16,2022-11-16,79.97,91000,Renewed,PH0490,AG022
POL0324,NL-2024-144316,Health,2024-06-11,2025-06-11,100.66,167000,Active,PH0435,AG016
POL0325,NL-2024-388078,Life,2024-06-25,2025-06-25,128.85,351000,Active,PH0252,AG006
POL0326,NL-2023-651273,Life,2023-03-26,2024-03-25,194.17,78000,Expired,PH0410,AG014
POL0327,NL-2024-512842,Health,2024-01-13,2025-01-12,103.26,116000,Active,PH0441,AG022
POL0328,NL-2023-430984,Home,2023-07-26,2024-07-25,116.81,391000,Renewed,PH0353,AG001
POL0329,NL-2022-742544,Auto,2022-03-08,2023-03-08,97.13,57000,Expired,PH0442,AG009
POL0330,NL-2024-594241,Home,2024-01-29,2025-01-28,68.91,291000,Active,PH0491,AG020
POL0331,NL-2023-834750,Life,2023-01-20,2024-01-20,155.99,270000,Expired,PH0386,AG012
POL0332,NL-2023-703867,Life,2023-04-01,2024-03-31,94.97,119000,Expired,PH0352,AG008
POL0333,NL-2022-305587,Auto,2022-07-07,2023-07-07,174.41,60000,Renewed,PH0075,AG024
POL0334,NL-2023-241003,Home,2023-08-27,2024-08-26,59.43,412000,Renewed,PH0458,AG021
POL0335,NL-2023-150026,Life,2023-09-24,2024-09-23,190.53,348000,Expired,PH0204,AG004
POL0336,NL-2021-760458,Home,2021-05-03,2022-05-03,67.97,590000,Expired,PH0050,AG015
POL0337,NL-2022-370233,Life,2022-06-17,2023-06-17,190.09,475000,Expired,PH0177,AG001
POL0338,NL-2021-308622,Health,2021-09-06,2022-09-06,167.96,184000,Expired,PH0296,AG019
POL0339,NL-2022-912378,Home,2022-08-06,2023-08-06,114.05,406000,Expired,PH0378,AG015
POL0340,NL-2023-275715,Auto,2023-02-20,2024-02-20,158.84,29000,Renewed,PH0328,AG011
POL0341,NL-2024-182954,Health,2024-06-08,2025-06-08,157.16,44000,Active,PH0083,AG011
POL0342,NL-2022-734792,Home,2022-10-05,2023-10-05,72.05,290000,Expired,PH0331,AG013
POL0343,NL-2023-715429,Life,2023-07-01,2024-06-30,284.69,442000,Renewed,PH0267,AG015
POL0344,NL-2021-794180,Health,2021-12-09,2022-12-09,102.31,87000,Expired,PH0129,AG024
POL0345,NL-2022-596171,Auto,2022-03-08,2023-03-08,97.51,18000,Expired,PH0281,AG002
POL0346,NL-2023-375201,Auto,2023-03-25,2024-03-24,249.32,24000,Cancelled,PH0317,AG005
POL0347,NL-2023-564687,Auto,2023-03-10,2024-03-09,122.06,47000,Expired,PH0321,AG005
POL0348,NL-2023-474175,Home,2023-12-15,2024-12-14,43.14,498000,Renewed,PH0441,AG011
POL0349,NL-2023-675191,Health,2023-08-15,2024-08-14,154.06,96000,Renewed,PH0228,AG005
POL0350,NL-2024-885290,Home,2024-04-25,2025-04-25,105.73,481000,Active,PH0326,AG019
POL0351,NL-2023-605048,Health,2023-12-09,2024-12-08,153.38,116000,Renewed,PH0277,AG008
POL0352,NL-2023-418319,Auto,2023-06-24,2024-06-23,150.07,30000,Expired,PH0006,AG001
POL0353,NL-2022-615827,Home,2022-12-06,2023-12-06,98.86,511000,Expired,PH0485,AG025
POL0354,NL-2022-726003,Health,2022-09-06,2023-09-06,143.04,102000,Expired,PH0119,AG001
POL0355,NL-2022-362035,Life,2022-01-22,2023-01-22,190.14,257000,Cancelled,PH0084,AG023
POL0356,NL-2023-351198,Health,2023-02-14,2024-02-14,107.92,189000,Expired,PH0265,AG025
POL0357,NL-2022-532961,Life,2022-08-07,2023-08-07,182.99,191000,Renewed,PH0097,AG003
POL0358,NL-2021-574760,Home,2021-10-07,2022-10-07,110.06,474000,Expired,PH0140,AG023
POL0359,NL-2022-123205,Health,2022-01-20,2023-01-20,115.21,165000,Expired,PH0096,AG004
POL0360,NL-2022-344119,Life,2022-07-06,2023-07-06,159.6,54000,Expired,PH0047,AG005
POL0361,NL-2023-489438,Auto,2023-10-08,2024-10-07,151.44,75000,Expired,PH0238,AG023
POL0362,NL-2022-158760,Auto,2022-11-08,2023-11-08,207.6,29000,Expired,PH0137,AG025
POL0363,NL-2021-956949,Health,2021-05-27,2022-05-27,118.16,91000,Cancelled,PH0196,AG001
POL0364,NL-2022-873449,Auto,2022-05-25,2023-05-25,245.75,42000,Expired,PH0018,AG007
POL0365,NL-2021-508024,Health,2021-07-12,2022-07-12,198.21,149000,Cancelled,PH0349,AG010
POL0366,NL-2021-646230,Life,2021-11-21,2022-11-21,60.55,338000,Renewed,PH0063,AG009
POL0367,NL-2022-328367,Health,2022-09-04,2023-09-04,188.75,200000,Expired,PH0499,AG004
POL0368,NL-2023-713099,Home,2023-06-09,2024-06-08,58.41,295000,Expired,PH0062,AG013
POL0369,NL-2021-598357,Home,2021-01-19,2022-01-19,103.92,512000,Renewed,PH0353,AG020
POL0370,NL-2023-195841,Home,2023-01-31,2024-01-31,67.36,412000,Renewed,PH0352,AG020
POL0371,NL-2021-662407,Life,2021-05-03,2022-05-03,211.14,418000,Expired,PH0406,AG004
POL0372,NL-2023-775960,Home,2023-09-27,2024-09-26,147.98,563000,Expired,PH0388,AG012
POL0373,NL-2022-362874,Health,2022-01-31,2023-01-31,137.78,60000,Expired,PH0461,AG002
POL0374,NL-2023-298994,Health,2023-06-16,2024-06-15,154.27,153000,Cancelled,PH0291,AG006
POL0375,NL-2022-727761,Life,2022-10-25,2023-10-25,118.83,486000,Renewed,PH0469,AG018
POL0376,NL-2021-376141,Home,2021-05-22,2022-05-22,89.43,580000,Cancelled,PH0278,AG012
POL0377,NL-2021-119629,Health,2021-01-02,2022-01-02,150.6,74000,Renewed,PH0318,AG012
POL0378,NL-2022-958835,Home,2022-10-19,2023-10-19,112.41,433000,Renewed,PH0199,AG007
POL0379,NL-2024-438270,Health,2024-02-04,2025-02-03,115.41,99000,Active,PH0210,AG021
POL0380,NL-2021-975763,Life,2021-08-15,2022-08-15,214.72,73000,Expired,PH0481,AG005
POL0381,NL-2021-133362,Home,2021-03-06,2022-03-06,93.39,202000,Expired,PH0293,AG021
POL0382,NL-2023-151470,Health,2023-10-01,2024-09-30,170.13,92000,Cancelled,PH0188,AG008
POL0383,NL-2021-972496,Auto,2021-01-27,2022-01-27,115.49,74000,Renewed,PH0041,AG015
POL0384,NL-2023-961957,Auto,2023-01-10,2024-01-10,239.5,65000,Cancelled,PH0189,AG023
POL0385,NL-2024-869969,Auto,2024-06-17,2025-06-17,125.19,15000,Active,PH0037,AG010
POL0386,NL-2022-657487,Auto,2022-03-19,2023-03-19,96.51,40000,Renewed,PH0198,AG007
POL0387,NL-2023-685549,Home,2023-12-14,2024-12-13,102.7,244000,Renewed,PH0384,AG018
POL0388,NL-2021-836677,Health,2021-08-05,2022-08-05,157.66,145000,Renewed,PH0341,AG014
POL0389,NL-2021-453907,Auto,2021-12-08,2022-12-08,173.49,76000,Renewed,PH0337,AG006
POL0390,NL-2022-985893,Health,2022-12-23,2023-12-23,155.01,110000,Renewed,PH0191,AG014
POL0391,NL-2022-493282,Health,2022-10-25,2023-10-25,156.31,81000,Renewed,PH0393,AG018
POL0392,NL-2023-100205,Life,2023-01-08,2024-01-08,161.87,258000,Renewed,PH0372,AG002
POL0393,NL-2024-416503,Life,2024-05-05,2025-05-05,54.08,121000,Active,PH0004,AG010
POL0394,NL-2022-823222,Home,2022-03-16,2023-03-16,42.39,581000,Renewed,PH0422,AG009
POL0395,NL-2021-377860,Home,2021-07-13,2022-07-13,79.12,223000,Expired,PH0188,AG019
POL0396,NL-2022-519218,Home,2022-04-23,2023-04-23,73.03,449000,Expired,PH0292,AG007
POL0397,NL-2022-959324,Auto,2022-10-27,2023-10-27,109.39,86000,Renewed,PH0465,AG004
POL0398,NL-2021-918017,Life,2021-03-18,2022-03-18,194.07,91000,Renewed,PH0029,AG025
POL0399,NL-2022-907812,Life,2022-12-14,2023-12-14,158.58,113000,Renewed,PH0117,AG024
POL0400,NL-2023-666157,Auto,2023-02-23,2024-02-23,169.15,52000,Expired,PH0290,AG005
POL0401,NL-2023-867115,Life,2023-10-26,2024-10-25,88.3,403000,Renewed,PH0202,AG015
POL0402,NL-2022-238610,Auto,2022-03-31,2023-03-31,213.68,29000,Cancelled,PH0173,AG003
POL0403,NL-2024-518582,Health,2024-03-16,2025-03-16,174.53,169000,Active,PH0135,AG003
POL0404,NL-2023-604283,Health,2023-10-25,2024-10-24,169.79,60000,Cancelled,PH0287,AG007
POL0405,NL-2023-871403,Health,2023-03-21,2024-03-20,119.61,186000,Renewed,PH0269,AG008
POL0406,NL-2021-703998,Home,2021-05-27,2022-05-27,87.31,509000,Expired,PH0046,AG004
POL0407,NL-2023-722725,Health,2023-05-18,2024-05-17,119.05,115000,Expired,PH0336,AG001
POL0408,NL-2021-563690,Life,2021-12-13,2022-12-13,204.06,471000,Renewed,PH0320,AG005
POL0409,NL-2021-263568,Health,2021-04-02,2022-04-02,123.35,123000,Renewed,PH0388,AG024
POL0410,NL-2021-254850,Auto,2021-08-19,2022-08-19,121.32,91000,Renewed,PH0445,AG010
POL0411,NL-2022-594078,Auto,2022-12-05,2023-12-05,98.92,69000,Renewed,PH0012,AG011
POL0412,NL-2024-648684,Home,2024-01-07,2025-01-06,63.31,436000,Active,PH0385,AG009
POL0413,NL-2024-828834,Health,2024-06-29,2025-06-29,172.99,62000,Active,PH0358,AG022
POL0414,NL-2023-367865,Auto,2023-02-11,2024-02-11,192.8,16000,Cancelled,PH0088,AG002
POL0415,NL-2022-587546,Life,2022-02-16,2023-02-16,204.49,78000,Renewed,PH0336,AG001
POL0416,NL-2023-477717,Auto,2023-03-07,2024-03-06,192.71,97000,Renewed,PH0443,AG004
POL0417,NL-2022-499194,Auto,2022-08-23,2023-08-23,190.4,40000,Renewed,PH0261,AG023
POL0418,NL-2022-295472,Auto,2022-10-09,2023-10-09,181.51,22000,Cancelled,PH0102,AG017
POL0419,NL-2024-141683,Health,2024-02-23,2025-02-22,192.63,31000,Active,PH0127,AG017
POL0420,NL-2022-463625,Life,2022-11-15,2023-11-15,236.1,60000,Cancelled,PH0351,AG012
POL0421,NL-2022-389279,Life,2022-09-12,2023-09-12,294.56,313000,Expired,PH0416,AG002
POL0422,NL-2023-681896,Life,2023-03-04,2024-03-03,253.71,65000,Renewed,PH0486,AG009
POL0423,NL-2021-192059,Home,2021-11-07,2022-11-07,83.21,222000,Expired,PH0374,AG013
POL0424,NL-2023-734775,Home,2023-05-05,2024-05-04,56.8,314000,Expired,PH0169,AG015
POL0425,NL-2022-938970,Home,2022-02-28,2023-02-28,103.91,509000,Renewed,PH0104,AG005
POL0426,NL-2023-252203,Life,2023-12-09,2024-12-08,157.52,454000,Renewed,PH0336,AG019
POL0427,NL-2022-224138,Home,2022-10-13,2023-10-13,98.63,527000,Expired,PH0095,AG011
POL0428,NL-2021-531228,Home,2021-03-02,2022-03-02,136.81,367000,Renewed,PH0156,AG015
POL0429,NL-2021-127470,Life,2021-11-08,2022-11-08,76.69,147000,Renewed,PH0391,AG020
POL0430,NL-2024-725329,Life,2024-05-25,2025-05-25,191.76,171000,Active,PH0119,AG008
POL0431,NL-2023-626725,Auto,2023-01-06,2024-01-06,212.57,28000,Expired,PH0434,AG020
POL0432,NL-2023-244192,Health,2023-02-05,2024-02-05,138.75,149000,Expired,PH0084,AG007
POL0433,NL-2021-533108,Home,2021-03-08,2022-03-08,146.57,291000,Cancelled,PH0114,AG024
POL0434,NL-2022-747033,Home,2022-02-23,2023-02-23,141.98,380000,Expired,PH0251,AG023
POL0435,NL-2023-143858,Life,2023-07-27,2024-07-26,156.89,457000,Renewed,PH0312,AG024
POL0436,NL-2022-722650,Health,2022-10-03,2023-10-03,193.91,175000,Expired,PH0275,AG017
POL0437,NL-2023-357657,Auto,2023-12-03,2024-12-02,157.67,16000,Expired,PH0266,AG018
POL0438,NL-2021-151690,Health,2021-03-22,2022-03-22,151.61,190000,Cancelled,PH0098,AG010
POL0439,NL-2023-583757,Health,2023-03-27,2024-03-26,177.37,100000,Renewed,PH0086,AG014
POL0440,NL-2024-642081,Life,2024-06-09,2025-06-09,279.76,412000,Active,PH0463,AG005
POL0441,NL-2023-916558,Health,2023-07-15,2024-07-14,150.07,72000,Expired,PH0300,AG023
POL0442,NL-2023-575718,Home,2023-03-17,2024-03-16,89.6,244000,Cancelled,PH0303,AG023
POL0443,NL-2023-846030,Home,2023-07-21,2024-07-20,75.65,490000,Expired,PH0408,AG006
POL0444,NL-2021-189450,Auto,2021-07-06,2022-07-06,156.4,58000,Expired,PH0269,AG023
POL0445,NL-2023-499095,Health,2023-11-14,2024-11-13,115.99,169000,Renewed,PH0023,AG025
POL0446,NL-2022-269999,Home,2022-11-18,2023-11-18,112.55,229000,Cancelled,PH0445,AG005
POL0447,NL-2021-567935,Home,2021-04-16,2022-04-16,74.05,553000,Cancelled,PH0148,AG021
POL0448,NL-2021-752801,Home,2021-08-29,2022-08-29,145.65,152000,Renewed,PH0392,AG009
POL0449,NL-2023-737517,Auto,2023-07-29,2024-07-28,164.77,11000,Cancelled,PH0452,AG016
POL0450,NL-2022-563339,Home,2022-03-21,2023-03-21,92.33,365000,Cancelled,PH0041,AG020
POL0451,NL-2022-684632,Auto,2022-05-17,2023-05-17,127.28,92000,Renewed,PH0420,AG007
POL0452,NL-2022-252436,Auto,2022-01-14,2023-01-14,191.06,15000,Expired,PH0438,AG002
POL0453,NL-2022-286906,Life,2022-11-10,2023-11-10,62.26,269000,Renewed,PH0083,AG022
POL0454,NL-2024-723870,Life,2024-06-05,2025-06-05,215.23,417000,Active,PH0294,AG018
POL0455,NL-2023-197649,Home,2023-07-22,2024-07-21,79.62,169000,Renewed,PH0394,AG010
POL0456,NL-2023-548081,Life,2023-01-25,2024-01-25,255.07,448000,Renewed,PH0432,AG018
POL0457,NL-2022-445200,Auto,2022-08-23,2023-08-23,100.74,46000,Cancelled,PH0270,AG014
POL0458,NL-2022-759531,Home,2022-03-05,2023-03-05,52.02,533000,Renewed,PH0271,AG003
POL0459,NL-2024-547798,Health,2024-05-23,2025-05-23,193.39,100000,Active,PH0312,AG011
POL0460,NL-2023-744129,Life,2023-12-13,2024-12-12,205.81,118000,Cancelled,PH0289,AG016
POL0461,NL-2023-843007,Health,2023-10-06,2024-10-05,188.37,86000,Renewed,PH0149,AG007
POL0462,NL-2021-873291,Auto,2021-08-31,2022-08-31,186.33,25000,Expired,PH0435,AG007
POL0463,NL-2023-322652,Health,2023-04-28,2024-04-27,134.97,192000,Expired,PH0006,AG021
POL0464,NL-2022-631302,Home,2022-07-31,2023-07-31,47.46,307000,Expired,PH0282,AG011
POL0465,NL-2021-745915,Auto,2021-08-22,2022-08-22,138.03,85000,Renewed,PH0492,AG001
POL0466,NL-2022-602381,Home,2022-02-02,2023-02-02,77.17,503000,Expired,PH0470,AG016
POL0467,NL-2021-451387,Auto,2021-10-06,2022-10-06,186.62,80000,Cancelled,PH0237,AG014
POL0468,NL-2023-682145,Auto,2023-12-04,2024-12-03,203.24,51000,Expired,PH0275,AG001
POL0469,NL-2024-934438,Home,2024-03-28,2025-03-28,115.4,569000,Active,PH0182,AG003
POL0470,NL-2022-756944,Home,2022-07-29,2023-07-29,77.31,347000,Renewed,PH0274,AG006
POL0471,NL-2022-839525,Health,2022-01-19,2023-01-19,186.46,106000,Cancelled,PH0440,AG011
POL0472,NL-2022-489633,Auto,2022-07-11,2023-07-11,164.5,41000,Cancelled,PH0232,AG010
POL0473,NL-2023-139211,Home,2023-12-12,2024-12-11,52.35,562000,Expired,PH0399,AG007
POL0474,NL-2023-261562,Auto,2023-06-28,2024-06-27,215.83,76000,Cancelled,PH0098,AG011
POL0475,NL-2023-962074,Health,2023-12-09,2024-12-08,132.73,51000,Expired,PH0481,AG017
POL0476,NL-2022-647718,Home,2022-02-25,2023-02-25,90.53,524000,Renewed,PH0060,AG001
POL0477,NL-2021-449479,Life,2021-04-01,2022-04-01,198.57,96000,Renewed,PH0240,AG002
POL0478,NL-2023-705615,Auto,2023-12-03,2024-12-02,206.74,13000,Renewed,PH0389,AG010
POL0479,NL-2022-434652,Home,2022-10-20,2023-10-20,71.52,429000,Expired,PH0396,AG015
POL0480,NL-2022-753205,Auto,2022-07-13,2023-07-13,126.52,12000,Expired,PH0287,AG017
POL0481,NL-2022-248433,Auto,2022-02-28,2023-02-28,173.39,46000,Cancelled,PH0483,AG023
POL0482,NL-2024-426503,Life,2024-03-21,2025-03-21,111.21,87000,Active,PH0314,AG011
POL0483,NL-2021-211072,Health,2021-04-14,2022-04-14,147.07,38000,Expired,PH0197,AG002
POL0484,NL-2023-760047,Auto,2023-05-24,2024-05-23,199.8,88000,Expired,PH0429,AG023
POL0485,NL-2024-957150,Health,2024-06-16,2025-06-16,135.56,112000,Active,PH0102,AG023
POL0486,NL-2023-201987,Auto,2023-08-12,2024-08-11,95.8,71000,Cancelled,PH0234,AG010
POL0487,NL-2023-370587,Health,2023-08-22,2024-08-21,122.38,187000,Expired,PH0468,AG012
POL0488,NL-2022-575301,Health,2022-01-11,2023-01-11,166.52,110000,Renewed,PH0250,AG001
POL0489,NL-2023-395968,Auto,2023-09-01,2024-08-31,161.37,32000,Expired,PH0394,AG012
POL0490,NL-2023-212178,Home,2023-11-07,2024-11-06,129.93,568000,Expired,PH0167,AG018
POL0491,NL-2022-350164,Auto,2022-09-11,2023-09-11,148.14,64000,Cancelled,PH0318,AG008
POL0492,NL-2023-827774,Home,2023-09-15,2024-09-14,77.48,577000,Expired,PH0303,AG014
POL0493,NL-2024-827851,Health,2024-03-07,2025-03-07,178.73,168000,Active,PH0121,AG006
POL0494,NL-2024-720928,Auto,2024-03-21,2025-03-21,222.25,25000,Active,PH0306,AG015
POL0495,NL-2024-284731,Life,2024-02-11,2025-02-10,74.41,283000,Active,PH0158,AG013
POL0496,NL-2024-908812,Auto,2024-05-10,2025-05-10,98.49,88000,Active,PH0420,AG013
POL0497,NL-2023-956721,Life,2023-10-10,2024-10-09,65.37,164000,Renewed,PH0072,AG019
POL0498,NL-2021-508926,Auto,2021-10-28,2022-10-28,157.01,48000,Renewed,PH0316,AG019
POL0499,NL-2022-697978,Health,2022-02-05,2023-02-05,187.74,104000,Expired,PH0407,AG022
POL0500,NL-2023-711033,Life,2023-06-10,2024-06-09,278.78,97000,Renewed,PH0005,AG020
POL0501,NL-2021-155708,Health,2021-09-19,2022-09-19,106.24,169000,Renewed,PH0001,AG023
POL0502,NL-2021-552686,Life,2021-08-13,2022-08-13,266.42,173000,Renewed,PH0360,AG019
POL0503,NL-2022-671598,Health,2022-10-14,2023-10-14,140.6,139000,Renewed,PH0109,AG022
POL0504,NL-2023-477789,Home,2023-08-31,2024-08-30,101.1,592000,Expired,PH0431,AG014
POL0505,NL-2022-112166,Home,2022-08-14,2023-08-14,113.71,220000,Renewed,PH0037,AG021
POL0506,NL-2021-242371,Auto,2021-10-22,2022-10-22,162.74,67000,Renewed,PH0044,AG005
POL0507,NL-2023-753523,Health,2023-07-23,2024-07-22,169.54,137000,Renewed,PH0093,AG015
POL0508,NL-2024-472566,Health,2024-02-05,2025-02-04,182.01,126000,Active,PH0116,AG006
POL0509,NL-2024-987938,Health,2024-05-23,2025-05-23,100.74,156000,Active,PH0375,AG008
POL0510,NL-2023-139704,Life,2023-04-22,2024-04-21,194.09,68000,Renewed,PH0291,AG016
POL0511,NL-2021-248989,Life,2021-08-20,2022-08-20,290.43,92000,Cancelled,PH0374,AG024
POL0512,NL-2023-192742,Life,2023-08-11,2024-08-10,180.84,370000,Cancelled,PH0126,AG016
POL0513,NL-2024-742818,Auto,2024-01-10,2025-01-09,215.68,51000,Active,PH0028,AG011
POL0514,NL-2023-869460,Auto,2023-08-19,2024-08-18,234.03,85000,Cancelled,PH0170,AG014
POL0515,NL-2022-885829,Life,2022-08-27,2023-08-27,58.83,363000,Expired,PH0156,AG024
POL0516,NL-2021-154127,Life,2021-05-06,2022-05-06,194.54,350000,Renewed,PH0337,AG010
POL0517,NL-2022-992805,Auto,2022-08-11,2023-08-11,101.56,20000,Cancelled,PH0402,AG009
POL0518,NL-2021-114892,Life,2021-09-29,2022-09-29,118.8,185000,Renewed,PH0380,AG004
POL0519,NL-2024-568349,Home,2024-04-26,2025-04-26,121.29,496000,Active,PH0190,AG006
POL0520,NL-2022-459502,Life,2022-04-29,2023-04-29,249.84,67000,Cancelled,PH0044,AG005
POL0521,NL-2023-349505,Home,2023-10-13,2024-10-12,85.42,351000,Renewed,PH0339,AG015
POL0522,NL-2022-773459,Home,2022-03-08,2023-03-08,132.6,178000,Cancelled,PH0136,AG025
POL0523,NL-2021-599401,Auto,2021-04-18,2022-04-18,147.79,50000,Expired,PH0383,AG025
POL0524,NL-2023-252200,Home,2023-02-17,2024-02-17,82.91,288000,Renewed,PH0272,AG014
POL0525,NL-2022-431023,Auto,2022-08-15,2023-08-15,156.3,99000,Renewed,PH0493,AG017
POL0526,NL-2021-740140,Auto,2021-07-19,2022-07-19,188.36,67000,Renewed,PH0471,AG021
POL0527,NL-2022-786128,Life,2022-11-18,2023-11-18,250.58,184000,Expired,PH0300,AG013
POL0528,NL-2022-645209,Health,2022-05-11,2023-05-11,158.87,76000,Renewed,PH0173,AG022
POL0529,NL-2022-171252,Home,2022-10-04,2023-10-04,114.01,586000,Cancelled,PH0007,AG014
POL0530,NL-2023-860480,Auto,2023-12-12,2024-12-11,155.81,39000,Expired,PH0146,AG009
POL0531,NL-2021-788500,Home,2021-03-11,2022-03-11,50.11,461000,Expired,PH0458,AG007
POL0532,NL-2021-788279,Auto,2021-09-03,2022-09-03,182.8,59000,Expired,PH0392,AG021
POL0533,NL-2021-792561,Home,2021-08-16,2022-08-16,67.87,395000,Renewed,PH0480,AG003
POL0534,NL-2022-369836,Health,2022-07-21,2023-07-21,169.22,110000,Renewed,PH0083,AG025
POL0535,NL-2022-162976,Auto,2022-07-22,2023-07-22,145.08,54000,Renewed,PH0133,AG009
POL0536,NL-2023-739947,Home,2023-06-22,2024-06-21,147.74,255000,Expired,PH0202,AG006
POL0537,NL-2021-743790,Health,2021-08-11,2022-08-11,176.87,82000,Expired,PH0330,AG004
POL0538,NL-2022-862886,Health,2022-06-15,2023-06-15,107.29,175000,Expired,PH0129,AG025
POL0539,NL-2021-100909,Health,2021-02-08,2022-02-08,114.89,193000,Renewed,PH0478,AG002
POL0540,NL-2022-702553,Health,2022-06-30,2023-06-30,132.98,128000,Expired,PH0002,AG017
POL0541,NL-2023-666366,Health,2023-09-07,2024-09-06,184.4,43000,Cancelled,PH0116,AG001
POL0542,NL-2023-449636,Health,2023-09-15,2024-09-14,153.53,119000,Expired,PH0350,AG010
POL0543,NL-2021-483102,Health,2021-04-24,2022-04-24,195.88,49000,Renewed,PH0274,AG011
POL0544,NL-2023-285197,Auto,2023-07-31,2024-07-30,129.29,37000,Renewed,PH0284,AG002
POL0545,NL-2022-761249,Health,2022-01-27,2023-01-27,139.01,53000,Expired,PH0353,AG012
POL0546,NL-2021-246740,Health,2021-06-23,2022-06-23,143.8,75000,Renewed,PH0019,AG007
POL0547,NL-2024-166052,Auto,2024-04-29,2025-04-29,120.54,61000,Active,PH0406,AG018
POL0548,NL-2023-117215,Life,2023-10-21,2024-10-20,258.56,286000,Cancelled,PH0019,AG011
POL0549,NL-2022-321960,Auto,2022-11-23,2023-11-23,87.28,25000,Renewed,PH0414,AG021
POL0550,NL-2024-344303,Health,2024-01-04,2025-01-03,114.9,177000,Active,PH0474,AG003
POL0551,NL-2021-148026,Auto,2021-10-17,2022-10-17,83.24,91000,Cancelled,PH0125,AG023
POL0552,NL-2021-960607,Home,2021-01-30,2022-01-30,45.5,311000,Expired,PH0407,AG004
POL0553,NL-2024-167064,Health,2024-06-05,2025-06-05,117.07,180000,Active,PH0419,AG004
POL0554,NL-2023-943530,Auto,2023-10-16,2024-10-15,184.66,18000,Cancelled,PH0104,AG014
POL0555,NL-2023-672401,Life,2023-04-04,2024-04-03,293.96,352000,Expired,PH0071,AG011
POL0556,NL-2021-387198,Home,2021-04-04,2022-04-04,76.91,213000,Cancelled,PH0073,AG025
POL0557,NL-2021-355479,Health,2021-12-11,2022-12-11,155.34,140000,Renewed,PH0474,AG019
POL0558,NL-2021-494401,Auto,2021-10-01,2022-10-01,224.05,90000,Expired,PH0399,AG006
POL0559,NL-2023-841071,Auto,2023-09-25,2024-09-24,81.23,22000,Expired,PH0334,AG019
POL0560,NL-2023-825990,Life,2023-05-03,2024-05-02,248.06,300000,Renewed,PH0065,AG007
POL0561,NL-2022-740195,Home,2022-07-09,2023-07-09,85.32,242000,Cancelled,PH0355,AG002
POL0562,NL-2023-920597,Home,2023-10-21,2024-10-20,49.68,583000,Renewed,PH0155,AG012
POL0563,NL-2021-200331,Health,2021-01-10,2022-01-10,119.19,164000,Cancelled,PH0317,AG012
POL0564,NL-2023-155646,Home,2023-08-09,2024-08-08,112.53,295000,Renewed,PH0100,AG004
POL0565,NL-2023-156652,Home,2023-08-30,2024-08-29,57.57,173000,Cancelled,PH0331,AG012
POL0566,NL-2022-895248,Life,2022-03-06,2023-03-06,133.57,472000,Cancelled,PH0233,AG002
POL0567,NL-2021-608623,Auto,2021-04-18,2022-04-18,109.9,14000,Renewed,PH0264,AG004
POL0568,NL-2022-539422,Auto,2022-04-27,2023-04-27,180.76,53000,Renewed,PH0102,AG024
POL0569,NL-2022-348636,Life,2022-04-17,2023-04-17,131.53,101000,Renewed,PH0378,AG014
POL0570,NL-2023-607938,Home,2023-02-09,2024-02-09,48.09,457000,Renewed,PH0028,AG014
POL0571,NL-2022-491627,Home,2022-03-19,2023-03-19,90.05,353000,Renewed,PH0070,AG015
POL0572,NL-2023-133653,Home,2023-01-05,2024-01-05,62.24,217000,Renewed,PH0355,AG019
POL0573,NL-2022-538539,Auto,2022-07-29,2023-07-29,224.78,70000,Expired,PH0088,AG025
POL0574,NL-2022-933162,Life,2022-03-27,2023-03-27,200.91,464000,Renewed,PH0327,AG020
POL0575,NL-2024-340860,Home,2024-03-29,2025-03-29,146.71,598000,Active,PH0045,AG014
POL0576,NL-2022-115208,Health,2022-03-20,2023-03-20,183.7,98000,Cancelled,PH0374,AG014
POL0577,NL-2022-256206,Home,2022-05-23,2023-05-23,103.74,460000,Expired,PH0468,AG019
POL0578,NL-2023-869105,Auto,2023-05-06,2024-05-05,86.81,72000,Renewed,PH0394,AG017
POL0579,NL-2023-574419,Auto,2023-05-22,2024-05-21,161.48,23000,Cancelled,PH0254,AG008
POL0580,NL-2024-328596,Auto,2024-02-18,2025-02-17,208.02,63000,Active,PH0068,AG012
POL0581,NL-2022-801534,Life,2022-05-05,2023-05-05,72.68,302000,Renewed,PH0157,AG006
POL0582,NL-2024-576935,Health,2024-03-14,2025-03-14,174.73,31000,Active,PH0238,AG025
POL0583,NL-2023-586849,Home,2023-04-11,2024-04-10,135.87,479000,Expired,PH0361,AG021
POL0584,NL-2021-134303,Auto,2021-05-25,2022-05-25,197.43,80000,Expired,PH0152,AG014
POL0585,NL-2024-317208,Life,2024-06-08,2025-06-08,185.61,467000,Active,PH0404,AG022
POL0586,NL-2024-639740,Auto,2024-06-24,2025-06-24,229.74,17000,Active,PH0485,AG022
POL0587,NL-2021-142859,Life,2021-04-16,2022-04-16,141.4,375000,Expired,PH0188,AG012
POL0588,NL-2024-843793,Home,2024-02-19,2025-02-18,117.54,444000,Active,PH0397,AG007
POL0589,NL-2022-873199,Home,2022-11-17,2023-11-17,52.49,401000,Expired,PH0481,AG025
POL0590,NL-2022-813269,Home,2022-04-07,2023-04-07,138.77,414000,Expired,PH0217,AG009
POL0591,NL-2021-652266,Auto,2021-05-10,2022-05-10,156.91,76000,Expired,PH0425,AG004
POL0592,NL-2023-573933,Health,2023-12-26,2024-12-25,153.29,102000,Renewed,PH0318,AG012
POL0593,NL-2022-509660,Auto,2022-01-21,2023-01-21,157.84,21000,Renewed,PH0460,AG006
POL0594,NL-2021-255141,Life,2021-06-07,2022-06-07,118.99,415000,Expired,PH0255,AG005
POL0595,NL-2023-815551,Home,2023-12-03,2024-12-02,42.5,368000,Renewed,PH0278,AG005
POL0596,NL-2022-405677,Health,2022-12-12,2023-12-12,173.77,31000,Cancelled,PH0097,AG003
POL0597,NL-2022-531690,Auto,2022-04-21,2023-04-21,168.34,54000,Renewed,PH0297,AG011
POL0598,NL-2023-675111,Life,2023-09-23,2024-09-22,224.22,491000,Cancelled,PH0228,AG015
POL0599,NL-2024-421383,Life,2024-03-07,2025-03-07,82.99,464000,Active,PH0088,AG009
POL0600,NL-2023-149617,Home,2023-09-19,2024-09-18,71.7,593000,Expired,PH0076,AG012
POL0601,NL-2023-846389,Life,2023-07-23,2024-07-22,204.66,134000,Renewed,PH0275,AG010
POL0602,NL-2021-933048,Home,2021-12-26,2022-12-26,116.21,499000,Renewed,PH0079,AG006
POL0603,NL-2021-562305,Home,2021-08-28,2022-08-28,74.83,216000,Expired,PH0134,AG012
POL0604,NL-2022-460549,Home,2022-02-25,2023-02-25,43.82,316000,Cancelled,PH0076,AG012
POL0605,NL-2024-416208,Health,2024-01-11,2025-01-10,197.55,165000,Active,PH0063,AG001
POL0606,NL-2023-263633,Health,2023-10-20,2024-10-19,194.78,109000,Renewed,PH0003,AG024
POL0607,NL-2022-701596,Life,2022-08-29,2023-08-29,122.46,445000,Cancelled,PH0342,AG005
POL0608,NL-2022-246195,Health,2022-11-25,2023-11-25,173.16,36000,Renewed,PH0348,AG018
POL0609,NL-2022-567636,Auto,2022-09-23,2023-09-23,184.98,39000,Expired,PH0183,AG003
POL0610,NL-2021-332934,Life,2021-04-23,2022-04-23,98.79,326000,Renewed,PH0401,AG025
POL0611,NL-2022-809952,Life,2022-02-05,2023-02-05,184.6,284000,Expired,PH0344,AG003
POL0612,NL-2022-158770,Health,2022-02-03,2023-02-03,160.32,159000,Cancelled,PH0466,AG022
POL0613,NL-2023-504868,Life,2023-03-26,2024-03-25,263.45,244000,Expired,PH0191,AG001
POL0614,NL-2022-191853,Life,2022-12-08,2023-12-08,294.38,344000,Expired,PH0111,AG024
POL0615,NL-2023-863998,Health,2023-05-02,2024-05-01,128.86,136000,Renewed,PH0459,AG014
POL0616,NL-2024-317877,Home,2024-04-17,2025-04-17,105.77,225000,Active,PH0156,AG016
POL0617,NL-2021-192744,Life,2021-05-16,2022-05-16,197.67,247000,Renewed,PH0004,AG014
POL0618,NL-2023-891930,Life,2023-04-29,2024-04-28,165.53,348000,Expired,PH0469,AG005
POL0619,NL-2022-144284,Home,2022-01-16,2023-01-16,71.84,407000,Renewed,PH0422,AG010
POL0620,NL-2023-929653,Life,2023-10-09,2024-10-08,165.86,64000,Cancelled,PH0002,AG005
POL0621,NL-2022-230208,Life,2022-09-07,2023-09-07,258.56,298000,Renewed,PH0335,AG022
POL0622,NL-2023-356639,Life,2023-05-05,2024-05-04,276.7,388000,Expired,PH0015,AG004
POL0623,NL-2023-479332,Life,2023-10-07,2024-10-06,66.68,441000,Renewed,PH0298,AG016
POL0624,NL-2022-491330,Health,2022-06-13,2023-06-13,147.6,56000,Renewed,PH0263,AG024
POL0625,NL-2022-583439,Auto,2022-06-16,2023-06-16,89.95,52000,Expired,PH0450,AG023
POL0626,NL-2023-767153,Home,2023-01-02,2024-01-02,69.99,370000,Expired,PH0467,AG012
POL0627,NL-2022-638828,Auto,2022-08-17,2023-08-17,188.62,20000,Expired,PH0100,AG025
POL0628,NL-2021-431570,Home,2021-07-13,2022-07-13,58.38,319000,Cancelled,PH0424,AG022
POL0629,NL-2022-660380,Life,2022-07-10,2023-07-10,222.09,100000,Renewed,PH0297,AG012
POL0630,NL-2021-608453,Home,2021-01-27,2022-01-27,70.96,558000,Expired,PH0211,AG011
POL0631,NL-2021-297569,Home,2021-07-29,2022-07-29,95.37,586000,Expired,PH0408,AG018
POL0632,NL-2023-118223,Auto,2023-05-05,2024-05-04,92.99,27000,Cancelled,PH0246,AG012
POL0633,NL-2023-648532,Life,2023-01-13,2024-01-13,160.48,363000,Expired,PH0391,AG011
POL0634,NL-2022-234966,Home,2022-09-16,2023-09-16,129.6,267000,Expired,PH0439,AG023
POL0635,NL-2022-545440,Home,2022-04-10,2023-04-10,63.08,191000,Expired,PH0354,AG025
POL0636,NL-2021-144582,Auto,2021-06-09,2022-06-09,162.32,67000,Expired,PH0101,AG004
POL0637,NL-2023-145383,Auto,2023-11-18,2024-11-17,159.74,43000,Cancelled,PH0034,AG010
POL0638,NL-2021-716146,Auto,2021-07-17,2022-07-17,236.42,37000,Renewed,PH0462,AG007
POL0639,NL-2022-390849,Home,2022-12-21,2023-12-21,56.01,541000,Expired,PH0486,AG019
POL0640,NL-2022-742731,Life,2022-12-23,2023-12-23,175.16,432000,Expired,PH0124,AG017
POL0641,NL-2021-327538,Auto,2021-07-22,2022-07-22,209.75,79000,Renewed,PH0367,AG007
POL0642,NL-2021-203479,Life,2021-12-18,2022-12-18,184.28,430000,Renewed,PH0474,AG007
POL0643,NL-2023-289633,Health,2023-01-21,2024-01-21,118.51,53000,Renewed,PH0428,AG012
POL0644,NL-2023-898395,Health,2023-05-19,2024-05-18,122.76,55000,Expired,PH0161,AG004
POL0645,NL-2021-838963,Health,2021-08-14,2022-08-14,149.58,120000,Cancelled,PH0148,AG018
POL0646,NL-2021-579142,Auto,2021-06-18,2022-06-18,99.67,47000,Expired,PH0308,AG024
POL0647,NL-2023-548750,Life,2023-06-29,2024-06-28,151.82,498000,Expired,PH0097,AG003
POL0648,NL-2023-804743,Health,2023-01-23,2024-01-23,199.87,154000,Expired,PH0054,AG013
POL0649,NL-2023-513989,Health,2023-12-07,2024-12-06,108.5,63000,Renewed,PH0206,AG023
POL0650,NL-2021-309991,Auto,2021-12-12,2022-12-12,245.79,54000,Expired,PH0305,AG013
POL0651,NL-2022-901968,Auto,2022-04-22,2023-04-22,203.28,47000,Renewed,PH0366,AG025
POL0652,NL-2023-608069,Life,2023-03-31,2024-03-30,216.67,262000,Expired,PH0262,AG009
POL0653,NL-2023-342034,Home,2023-07-21,2024-07-20,67.58,411000,Expired,PH0322,AG005
POL0654,NL-2021-811047,Auto,2021-07-23,2022-07-23,221.15,75000,Renewed,PH0014,AG006
POL0655,NL-2024-417459,Health,2024-05-23,2025-05-23,167.92,65000,Active,PH0319,AG020
POL0656,NL-2021-931239,Auto,2021-06-06,2022-06-06,168.39,75000,Renewed,PH0239,AG007
POL0657,NL-2023-948802,Life,2023-10-17,2024-10-16,115.42,230000,Cancelled,PH0441,AG018
POL0658,NL-2021-502265,Auto,2021-03-06,2022-03-06,229.62,26000,Renewed,PH0231,AG011
POL0659,NL-2023-791442,Health,2023-06-26,2024-06-25,103.29,171000,Cancelled,PH0441,AG025
POL0660,NL-2021-507980,Life,2021-12-03,2022-12-03,83.62,425000,Cancelled,PH0250,AG025
POL0661,NL-2024-680684,Auto,2024-03-11,2025-03-11,194.75,97000,Active,PH0351,AG018
POL0662,NL-2023-510396,Health,2023-09-02,2024-09-01,115.63,40000,Cancelled,PH0135,AG016
POL0663,NL-2024-436050,Health,2024-06-17,2025-06-17,167.65,100000,Active,PH0032,AG001
POL0664,NL-2021-128206,Auto,2021-09-20,2022-09-20,139.31,87000,Renewed,PH0392,AG021
POL0665,NL-2023-531939,Life,2023-02-19,2024-02-19,136.29,237000,Expired,PH0180,AG002
POL0666,NL-2022-821411,Home,2022-05-23,2023-05-23,74.33,195000,Expired,PH0034,AG010
POL0667,NL-2022-583298,Auto,2022-11-23,2023-11-23,171.53,15000,Expired,PH0337,AG014
POL0668,NL-2022-431889,Health,2022-07-01,2023-07-01,146.97,31000,Expired,PH0194,AG019
POL0669,NL-2022-824423,Health,2022-10-23,2023-10-23,180.83,51000,Cancelled,PH0346,AG007
POL0670,NL-2023-274721,Life,2023-10-15,2024-10-14,241.23,228000,Cancelled,PH0315,AG010
POL0671,NL-2023-178979,Life,2023-06-12,2024-06-11,208.86,463000,Expired,PH0431,AG018
POL0672,NL-2022-521556,Home,2022-08-12,2023-08-12,72.71,451000,Expired,PH0412,AG008
POL0673,NL-2024-386643,Auto,2024-03-30,2025-03-30,96.1,54000,Active,PH0035,AG019
POL0674,NL-2023-963752,Health,2023-05-25,2024-05-24,179.57,196000,Expired,PH0155,AG017
POL0675,NL-2023-521843,Life,2023-06-06,2024-06-05,128.34,267000,Renewed,PH0129,AG020
POL0676,NL-2024-758342,Health,2024-01-27,2025-01-26,118.06,30000,Active,PH0361,AG017
POL0677,NL-2024-963930,Home,2024-03-27,2025-03-27,94.91,496000,Active,PH0381,AG015
POL0678,NL-2023-693616,Life,2023-12-28,2024-12-27,263.19,277000,Renewed,PH0373,AG021
POL0679,NL-2023-257782,Auto,2023-12-06,2024-12-05,158.62,42000,Expired,PH0383,AG022
POL0680,NL-2023-764721,Life,2023-06-11,2024-06-10,265.05,84000,Cancelled,PH0105,AG014
POL0681,NL-2022-347600,Life,2022-08-11,2023-08-11,114.11,365000,Renewed,PH0208,AG008
POL0682,NL-2021-586706,Auto,2021-11-04,2022-11-04,121.75,51000,Expired,PH0249,AG018
POL0683,NL-2023-385959,Health,2023-05-15,2024-05-14,103.7,67000,Renewed,PH0070,AG001
POL0684,NL-2022-144283,Life,2022-07-23,2023-07-23,94.0,497000,Renewed,PH0494,AG024
POL0685,NL-2021-730823,Health,2021-02-10,2022-02-10,189.65,107000,Expired,PH0153,AG003
POL0686,NL-2023-980605,Health,2023-01-15,2024-01-15,188.57,129000,Renewed,PH0371,AG005
POL0687,NL-2021-647312,Home,2021-08-18,2022-08-18,95.03,213000,Cancelled,PH0341,AG019
POL0688,NL-2023-910749,Life,2023-10-14,2024-10-13,109.52,114000,Renewed,PH0414,AG011
POL0689,NL-2024-884727,Life,2024-04-11,2025-04-11,234.31,472000,Active,PH0381,AG008
POL0690,NL-2022-560823,Health,2022-03-23,2023-03-23,117.52,97000,Expired,PH0210,AG009
POL0691,NL-2023-431863,Auto,2023-10-02,2024-10-01,198.94,25000,Cancelled,PH0280,AG014
POL0692,NL-2022-480631,Health,2022-05-20,2023-05-20,187.94,63000,Renewed,PH0244,AG023
POL0693,NL-2022-136500,Life,2022-09-24,2023-09-24,291.7,368000,Expired,PH0431,AG024
POL0694,NL-2022-834649,Auto,2022-05-06,2023-05-06,145.4,94000,Expired,PH0186,AG022
POL0695,NL-2024-108248,Auto,2024-01-01,2024-12-31,225.8,61000,Renewed,PH0466,AG013
POL0696,NL-2022-411870,Life,2022-09-09,2023-09-09,255.68,173000,Expired,PH0108,AG006
POL0697,NL-2022-927659,Health,2022-10-12,2023-10-12,176.67,132000,Renewed,PH0018,AG009
POL0698,NL-2023-852233,Auto,2023-10-04,2024-10-03,150.2,54000,Cancelled,PH0217,AG004
POL0699,NL-2022-864654,Home,2022-06-19,2023-06-19,78.7,466000,Cancelled,PH0417,AG018
POL0700,NL-2023-772758,Life,2023-07-18,2024-07-17,240.49,386000,Renewed,PH0095,AG021
POL0701,NL-2021-428961,Health,2021-10-06,2022-10-06,120.01,105000,Expired,PH0295,AG003
POL0702,NL-2021-900234,Auto,2021-11-20,2022-11-20,201.31,95000,Expired,PH0067,AG020
POL0703,NL-2022-373342,Health,2022-10-17,2023-10-17,187.35,60000,Cancelled,PH0089,AG022
POL0704,NL-2022-512608,Life,2022-08-01,2023-08-01,153.62,145000,Expired,PH0449,AG013
POL0705,NL-2021-741731,Home,2021-02-12,2022-02-12,141.54,489000,Renewed,PH0321,AG008
POL0706,NL-2023-152201,Auto,2023-08-06,2024-08-05,199.21,32000,Expired,PH0206,AG020
POL0707,NL-2024-485792,Health,2024-05-14,2025-05-14,126.02,48000,Active,PH0088,AG019
POL0708,NL-2021-967442,Auto,2021-01-29,2022-01-29,153.98,69000,Renewed,PH0345,AG016
POL0709,NL-2022-401950,Auto,2022-04-05,2023-04-05,112.39,45000,Renewed,PH0383,AG016
POL0710,NL-2021-964119,Health,2021-09-24,2022-09-24,120.66,82000,Cancelled,PH0145,AG024
POL0711,NL-2023-404289,Home,2023-05-07,2024-05-06,127.17,165000,Expired,PH0500,AG009
POL0712,NL-2024-487593,Home,2024-06-19,2025-06-19,89.61,280000,Active,PH0299,AG022
POL0713,NL-2021-826687,Health,2021-06-25,2022-06-25,113.32,110000,Expired,PH0204,AG022
POL0714,NL-2023-176604,Home,2023-02-25,2024-02-25,120.97,284000,Renewed,PH0049,AG018
POL0715,NL-2021-735829,Auto,2021-04-17,2022-04-17,119.92,56000,Expired,PH0481,AG022
POL0716,NL-2021-513869,Auto,2021-01-11,2022-01-11,185.34,50000,Expired,PH0344,AG012
POL0717,NL-2024-372935,Home,2024-02-20,2025-02-19,44.52,244000,Active,PH0087,AG017
POL0718,NL-2022-844756,Health,2022-11-26,2023-11-26,113.19,108000,Renewed,PH0272,AG014
POL0719,NL-2022-623460,Home,2022-06-18,2023-06-18,44.86,217000,Expired,PH0447,AG009
POL0720,NL-2023-969887,Life,2023-05-31,2024-05-30,269.23,371000,Expired,PH0390,AG009
POL0721,NL-2023-900771,Life,2023-06-12,2024-06-11,128.89,308000,Renewed,PH0487,AG005
POL0722,NL-2021-137604,Health,2021-04-19,2022-04-19,105.46,73000,Expired,PH0241,AG009
POL0723,NL-2023-142773,Home,2023-08-15,2024-08-14,149.47,409000,Cancelled,PH0227,AG012
POL0724,NL-2023-229660,Health,2023-07-27,2024-07-26,184.58,64000,Cancelled,PH0179,AG003
POL0725,NL-2022-962529,Home,2022-08-05,2023-08-05,58.51,417000,Expired,PH0140,AG019
POL0726,NL-2024-651567,Home,2024-04-10,2025-04-10,149.78,152000,Active,PH0393,AG019
POL0727,NL-2023-809790,Home,2023-05-03,2024-05-02,67.08,411000,Renewed,PH0049,AG011
POL0728,NL-2022-491704,Auto,2022-08-06,2023-08-06,195.71,62000,Renewed,PH0303,AG004
POL0729,NL-2021-791577,Life,2021-11-11,2022-11-11,165.06,421000,Expired,PH0246,AG015
POL0730,NL-2024-145976,Life,2024-05-01,2025-05-01,214.5,223000,Active,PH0336,AG020
POL0731,NL-2022-235602,Health,2022-10-28,2023-10-28,199.98,174000,Renewed,PH0109,AG002
POL0732,NL-2022-731548,Life,2022-10-24,2023-10-24,235.95,337000,Renewed,PH0196,AG003
POL0733,NL-2022-193520,Health,2022-06-07,2023-06-07,196.5,130000,Expired,PH0011,AG007
POL0734,NL-2023-785836,Home,2023-03-07,2024-03-06,71.34,545000,Renewed,PH0079,AG004
POL0735,NL-2023-818234,Life,2023-10-03,2024-10-02,233.97,213000,Renewed,PH0309,AG005
POL0736,NL-2021-567080,Life,2021-07-16,2022-07-16,178.16,307000,Renewed,PH0454,AG013
POL0737,NL-2022-950389,Health,2022-07-04,2023-07-04,142.31,136000,Cancelled,PH0189,AG020
POL0738,NL-2023-458345,Home,2023-06-09,2024-06-08,50.22,419000,Renewed,PH0499,AG015
POL0739,NL-2021-650164,Home,2021-11-14,2022-11-14,98.0,489000,Renewed,PH0043,AG010
POL0740,NL-2023-255825,Health,2023-06-15,2024-06-14,180.15,104000,Expired,PH0066,AG022
POL0741,NL-2022-677759,Life,2022-05-25,2023-05-25,123.87,75000,Cancelled,PH0040,AG002
POL0742,NL-2023-855299,Auto,2023-11-12,2024-11-11,96.06,97000,Cancelled,PH0292,AG009
POL0743,NL-2022-219470,Life,2022-06-06,2023-06-06,242.16,59000,Cancelled,PH0380,AG022
POL0744,NL-2022-187336,Health,2022-01-03,2023-01-03,184.29,37000,Renewed,PH0214,AG023
POL0745,NL-2022-571804,Life,2022-10-05,2023-10-05,163.75,401000,Cancelled,PH0320,AG009
POL0746,NL-2022-371914,Life,2022-01-19,2023-01-19,69.56,367000,Expired,PH0447,AG022
POL0747,NL-2023-113950,Auto,2023-06-08,2024-06-07,80.99,25000,Cancelled,PH0088,AG021
POL0748,NL-2023-861173,Health,2023-08-01,2024-07-31,186.88,183000,Renewed,PH0250,AG010
POL0749,NL-2023-114549,Life,2023-03-20,2024-03-19,71.91,121000,Renewed,PH0098,AG004
POL0750,NL-2022-252205,Auto,2022-01-21,2023-01-21,115.57,95000,Renewed,PH0333,AG008
POL0751,NL-2024-907111,Health,2024-01-09,2025-01-08,119.09,104000,Active,PH0238,AG005
POL0752,NL-2023-874668,Health,2023-05-15,2024-05-14,116.61,65000,Expired,PH0360,AG015
POL0753,NL-2023-311118,Health,2023-08-24,2024-08-23,144.95,89000,Expired,PH0151,AG019
POL0754,NL-2021-535878,Health,2021-04-15,2022-04-15,110.27,138000,Expired,PH0435,AG016
POL0755,NL-2021-859813,Life,2021-03-17,2022-03-17,171.53,360000,Cancelled,PH0314,AG022
POL0756,NL-2022-704402,Health,2022-04-20,2023-04-20,152.83,136000,Renewed,PH0162,AG018
POL0757,NL-2022-222621,Auto,2022-07-03,2023-07-03,150.91,72000,Renewed,PH0254,AG020
POL0758,NL-2023-861485,Life,2023-07-08,2024-07-07,55.2,201000,Renewed,PH0099,AG016
POL0759,NL-2023-455627,Life,2023-06-17,2024-06-16,104.93,409000,Expired,PH0472,AG020
POL0760,NL-2021-537110,Health,2021-09-26,2022-09-26,172.3,127000,Renewed,PH0427,AG022
POL0761,NL-2023-317273,Life,2023-08-26,2024-08-25,261.13,376000,Renewed,PH0145,AG023
POL0762,NL-2023-616094,Auto,2023-09-16,2024-09-15,113.91,89000,Expired,PH0052,AG014
POL0763,NL-2022-476215,Health,2022-09-14,2023-09-14,155.68,30000,Expired,PH0452,AG009
POL0764,NL-2021-133522,Life,2021-11-21,2022-11-21,264.87,314000,Expired,PH0414,AG003
POL0765,NL-2023-334981,Life,2023-06-01,2024-05-31,106.67,345000,Expired,PH0250,AG009
POL0766,NL-2022-380484,Life,2022-12-29,2023-12-29,242.52,342000,Renewed,PH0459,AG005
POL0767,NL-2021-982478,Auto,2021-04-14,2022-04-14,154.43,70000,Renewed,PH0387,AG004
POL0768,NL-2024-963617,Auto,2024-06-04,2025-06-04,183.64,23000,Active,PH0288,AG002
POL0769,NL-2021-264660,Auto,2021-12-09,2022-12-09,228.05,57000,Renewed,PH0373,AG010
POL0770,NL-2023-778526,Health,2023-11-03,2024-11-02,187.05,65000,Cancelled,PH0187,AG011
POL0771,NL-2021-906584,Home,2021-09-09,2022-09-09,88.3,368000,Renewed,PH0394,AG001
POL0772,NL-2023-378937,Home,2023-08-29,2024-08-28,95.55,195000,Expired,PH0191,AG023
POL0773,NL-2023-542207,Health,2023-01-09,2024-01-09,124.55,164000,Renewed,PH0404,AG008
POL0774,NL-2023-993796,Home,2023-05-29,2024-05-28,85.02,391000,Cancelled,PH0265,AG022
POL0775,NL-2021-945411,Life,2021-03-02,2022-03-02,242.54,426000,Cancelled,PH0265,AG003
POL0776,NL-2022-555157,Auto,2022-11-24,2023-11-24,246.93,32000,Expired,PH0032,AG013
POL0777,NL-2021-848022,Auto,2021-11-06,2022-11-06,89.83,93000,Renewed,PH0410,AG022
POL0778,NL-2023-419105,Life,2023-05-09,2024-05-08,220.22,340000,Cancelled,PH0370,AG024
POL0779,NL-2022-740051,Life,2022-12-06,2023-12-06,119.95,327000,Expired,PH0472,AG005
POL0780,NL-2023-926636,Health,2023-07-03,2024-07-02,188.76,189000,Renewed,PH0317,AG021
POL0781,NL-2022-913066,Health,2022-12-09,2023-12-09,178.16,131000,Renewed,PH0102,AG010
POL0782,NL-2021-645752,Auto,2021-03-17,2022-03-17,146.3,27000,Cancelled,PH0277,AG010
POL0783,NL-2021-893820,Home,2021-07-10,2022-07-10,74.35,329000,Cancelled,PH0326,AG006
POL0784,NL-2021-353063,Auto,2021-02-27,2022-02-27,171.79,44000,Renewed,PH0427,AG025
POL0785,NL-2023-982464,Life,2023-05-16,2024-05-15,77.61,81000,Renewed,PH0191,AG009
POL0786,NL-2021-570534,Life,2021-09-11,2022-09-11,212.74,115000,Expired,PH0153,AG019
POL0787,NL-2023-693071,Auto,2023-07-18,2024-07-17,120.14,86000,Expired,PH0366,AG021
POL0788,NL-2022-849579,Home,2022-12-19,2023-12-19,113.36,577000,Expired,PH0294,AG022
POL0789,NL-2023-641538,Home,2023-02-13,2024-02-13,67.24,322000,Cancelled,PH0299,AG007
POL0790,NL-2023-532068,Life,2023-07-20,2024-07-19,227.91,484000,Expired,PH0042,AG003
POL0791,NL-2023-181865,Auto,2023-05-21,2024-05-20,160.96,68000,Renewed,PH0190,AG022
POL0792,NL-2024-376502,Health,2024-04-19,2025-04-19,155.9,128000,Active,PH0300,AG016
POL0793,NL-2023-963829,Health,2023-06-21,2024-06-20,194.78,134000,Renewed,PH0084,AG005
POL0794,NL-2023-638113,Home,2023-09-20,2024-09-19,54.23,519000,Renewed,PH0442,AG017
POL0795,NL-2022-686181,Auto,2022-03-12,2023-03-12,85.54,31000,Cancelled,PH0190,AG004
POL0796,NL-2021-648171,Health,2021-08-14,2022-08-14,157.18,36000,Expired,PH0079,AG004
POL0797,NL-2022-129336,Life,2022-09-17,2023-09-17,125.82,305000,Renewed,PH0406,AG005
POL0798,NL-2024-397252,Home,2024-04-22,2025-04-22,86.39,310000,Active,PH0111,AG006
POL0799,NL-2021-537859,Health,2021-01-05,2022-01-05,134.86,37000,Expired,PH0247,AG019
POL0800,NL-2024-919304,Life,2024-03-04,2025-03-04,163.09,227000,Active,PH0194,AG016
